id,DurationMonth,CreditAmount,score,sex,age25,age35,marital status,Present employment since
0,0.029411765,0.949433256,0.600715353,0,0,0,1,0
1,0.647058824,0.686310113,0.496130655,1,1,1,0,1
2,0.117647059,0.898426323,0.506866366,0,0,0,1,0
3,0.558823529,0.580059426,0.5994821,0,0,0,1,0
4,0.294117647,0.74579069,0.550060466,0,0,0,1,1
5,0.470588235,0.515516672,0.501290835,0,0,0,1,1
6,0.294117647,0.857763838,0.617404307,0,0,0,1,0
7,0.470588235,0.631451524,0.476348482,0,0,0,1,1
8,0.117647059,0.845438539,0.543519801,0,0,0,0,0
9,0.382352941,0.725762078,0.368951631,0,0,1,0,1
10,0.117647059,0.942500275,0.321267721,1,0,1,0,1
11,0.647058824,0.776713987,0.528453856,1,1,1,0,1
12,0.117647059,0.92753384,0.4270104,1,1,1,0,1
13,0.294117647,0.947782546,0.626400036,0,0,0,1,0
14,0.161764706,0.93655772,0.545424327,1,0,1,0,1
15,0.294117647,0.943215583,0.392992229,1,0,1,0,1
16,0.294117647,0.880378563,0.637115574,0,0,0,1,0
17,0.382352941,0.56960493,0.518193712,0,0,1,1,1
18,0.294117647,0.321613294,0.416880175,1,0,0,0,0
19,0.294117647,0.825024761,0.51829006,0,0,1,1,0
20,0.073529412,0.896335424,0.552532993,0,0,0,1,1
21,0.029411765,0.868108287,0.461554118,0,0,0,1,1
22,0.088235294,0.890447893,0.484406174,0,0,0,1,1
23,0.117647059,0.914493232,0.455591992,0,0,0,1,1
24,0.088235294,0.899911962,0.431903366,0,0,1,0,1
25,0.029411765,0.938153406,0.435826078,0,0,0,1,1
26,0.029411765,0.990315836,0.538553972,0,0,0,0,0
27,0.117647059,0.991251238,0.516384179,1,0,0,0,1
28,0.044117647,0.880873776,0.389145691,0,0,1,1,1
29,0.823529412,0.637614174,0.72145307,0,0,0,1,0
30,0.205882353,0.908495653,0.424380404,0,0,0,0,1
31,0.294117647,0.792560801,0.45023475,0,0,1,1,1
32,0.205882353,0.690987124,0.461433081,0,0,1,1,1
33,0.117647059,0.944206009,0.546391268,0,0,0,1,0
34,0.117647059,0.93265104,0.311683367,1,0,1,0,1
35,0.602941176,0.752613624,0.41498694,0,0,1,1,1
36,0.647058824,0.677561351,0.572022358,0,0,1,1,1
37,0.205882353,0.898206229,0.391458341,0,0,0,1,1
38,0.088235294,0.946351931,0.44054336,0,0,0,1,1
39,0.073529412,0.988555079,0.430155254,0,1,1,1,1
40,0.382352941,0.885385716,0.538183936,0,0,1,1,0
41,0.117647059,0.950038517,0.369181812,0,0,1,0,1
42,0.205882353,0.672389127,0.481228803,0,0,0,1,1
43,0.382352941,0.67332453,0.66152139,0,1,1,0,0
44,0.647058824,0.675745571,0.64145198,1,0,0,0,0
45,0.102941176,0.937107956,0.495823094,1,0,0,0,1
46,0.470588235,0.88725652,0.624715303,0,0,0,1,0
47,0.029411765,0.939363926,0.319772222,1,1,1,0,1
48,0.102941176,0.616044899,0.529113689,0,0,0,1,1
49,0.117647059,0.899691868,0.37531887,1,0,1,0,1
50,0.294117647,0.885385716,0.335721556,0,0,1,1,1
51,0.338235294,0.685539782,0.632330247,0,0,1,1,0
52,0.117647059,0.944316056,0.414628797,0,0,1,1,1
53,0.205882353,0.827885991,0.393879382,0,0,1,1,1
54,0.470588235,0.891328271,0.671984466,0,0,0,1,0
55,0.029411765,0.970672389,0.441876122,0,0,1,1,1
56,0.117647059,0.657862881,0.276063865,0,0,0,1,1
57,0.470588235,0.487399582,0.472803935,1,0,1,0,1
58,0.205882353,0.905854517,0.5401681,1,1,1,0,0
59,0.470588235,0.671013536,0.468204981,1,1,1,0,1
60,0.073529412,0.937218004,0.389596418,0,0,1,0,1
61,0.161764706,0.929184549,0.621571954,0,0,0,1,0
62,0.470588235,0.906294707,0.651513105,0,0,0,1,0
63,0.647058824,0.220259712,0.409423603,0,0,1,1,1
64,0.294117647,0.838725652,0.443319684,1,0,1,0,1
65,0.338235294,0.728183119,0.710031333,0,0,0,1,0
66,0.117647059,0.894299549,0.389819524,1,0,1,0,1
67,0.117647059,0.958347089,0.339719842,0,1,1,0,1
68,0.470588235,0.913667877,0.536605788,0,0,0,1,1
69,0.470588235,0.882029273,0.530719536,1,0,1,0,1
70,0.470588235,0.566248487,0.471969623,1,0,1,0,1
71,0.044117647,0.973588643,0.491666287,0,0,0,1,0
72,0.058823529,0.949708375,0.66050206,0,0,0,1,0
73,0.558823529,0.686145042,0.502939889,1,0,0,0,0
74,0.470588235,0.904974139,0.651267418,0,0,0,1,0
75,0.117647059,0.92978981,0.636732441,0,0,0,1,0
76,0.558823529,0.795587102,0.438029885,0,0,1,1,1
77,0.102941176,0.751238032,0.546513961,0,0,0,1,0
78,0.735294118,0.494552658,0.453614904,0,0,0,1,1
79,0.382352941,0.802905249,0.375551911,0,1,1,0,1
80,0.294117647,0.686750303,0.4150452,1,0,0,0,1
81,0.161764706,0.947012215,0.531865474,0,0,0,1,0
82,0.205882353,0.927478816,0.497679597,1,1,1,0,1
83,0.294117647,0.917189391,0.574196658,1,0,0,0,0
84,0.088235294,0.886376142,0.561168019,0,0,0,1,0
85,0.117647059,0.936062507,0.451852942,1,0,1,0,1
86,0.205882353,0.942500275,0.353187466,1,0,1,0,1
87,0.470588235,0.319797513,0.519141535,0,0,0,1,1
88,0.205882353,0.890007703,0.506212103,0,0,1,1,0
89,0.117647059,0.9527897,0.52473242,0,0,1,1,0
90,0.117647059,0.979751293,0.576260158,0,0,0,1,0
91,0.117647059,0.936227578,0.521651095,0,0,0,1,0
92,0.117647059,0.969902058,0.504660301,1,0,1,0,0
93,0.294117647,0.814735336,0.624902881,0,1,1,1,0
94,0.117647059,0.941234731,0.569094286,0,0,0,1,0
95,0.735294118,0.136403654,0.425742221,0,0,0,1,1
96,0.117647059,0.903048311,0.422454952,1,0,0,0,0
97,0.205882353,0.869483878,0.479137903,0,0,1,1,1
98,0.470588235,0.885165621,0.624326299,0,0,0,1,0
99,0.235294118,0.625453945,0.586495764,0,0,0,1,0
100,0.294117647,0.932926158,0.577124429,0,0,0,0,0
101,0.470588235,0.885935952,0.577957988,0,1,1,1,0
102,0.029411765,0.962473864,0.401591125,1,1,1,0,1
103,0.073529412,0.908165511,0.461710683,0,0,0,1,0
104,0.117647059,0.879223066,0.480037853,0,0,1,0,1
105,0.294117647,0.35688346,0.48545757,0,0,0,1,1
106,0.205882353,0.658413118,0.664675126,0,0,0,1,0
107,0.117647059,0.679322109,0.442846977,0,0,1,1,0
108,0.294117647,0.588918235,0.396843885,1,0,1,0,1
109,0.147058824,0.936172554,0.573624442,0,0,0,0,0
110,0.029411765,0.934026631,0.597849004,0,0,1,0,0
111,0.161764706,0.99218664,0.447246762,1,1,1,0,1
112,0.205882353,0.669307802,0.449647781,0,0,1,1,0
113,0.470588235,0.581545064,0.42830387,1,0,1,0,1
114,0.117647059,0.921316166,0.456861375,0,0,0,0,0
115,0.647058824,0.816881259,0.504919085,0,0,0,1,0
116,0.558823529,0.619016177,0.52145855,1,0,1,0,0
117,0.088235294,0.896445472,0.477770065,1,0,1,0,1
118,0.426470588,0.778199626,0.642729342,1,1,1,0,1
119,0.117647059,0.883569935,0.519606262,0,0,0,0,0
120,0.25,0.912787499,0.479898449,1,0,1,0,1
121,0.294117647,0.800924397,0.552565962,1,0,0,0,0
122,0.117647059,0.916474084,0.386193081,0,1,1,1,1
123,0.088235294,0.970782436,0.615631206,0,0,0,1,0
124,0.205882353,0.907890393,0.393260046,1,0,1,0,1
125,0.117647059,0.897050732,0.421339124,0,0,1,1,1
126,0.117647059,0.975184329,0.366108165,0,0,0,0,1
127,0.117647059,0.978595796,0.389998671,0,0,1,1,1
128,0.117647059,0.911411907,0.354243529,0,0,1,1,1
129,0.117647059,0.821228128,0.438240345,1,0,1,0,1
130,0.647058824,0.546770111,0.547689104,1,1,1,0,0
131,0.470588235,0.634807967,0.438213247,0,0,1,1,1
132,0.161764706,0.864751843,0.462297653,0,0,1,1,1
133,0.205882353,0.904588973,0.532180712,0,0,0,1,1
134,0.823529412,0.455595906,0.625573703,1,1,1,0,0
135,0.117647059,0.945526576,0.523381141,1,0,0,0,0
136,0.338235294,0.53983713,0.457935955,0,0,1,1,1
137,0.117647059,0.971607791,0.411954391,0,0,0,1,1
138,0.161764706,0.86365137,0.516356479,0,0,0,1,0
139,0.117647059,0.91025641,0.416044056,1,0,0,0,1
140,0.029411765,0.97474414,0.341858463,0,0,1,0,1
141,0.470588235,0.749917465,0.343349898,1,0,1,0,1
142,0.338235294,0.825795092,0.45687387,0,0,1,1,1
143,0.205882353,0.878287664,0.449768065,0,1,1,1,1
144,0.25,0.887861781,0.444253355,1,1,1,0,1
145,0.647058824,0.817541543,0.505041929,0,0,1,1,0
146,0.029411765,0.966435567,0.696901829,1,0,0,0,0
147,0.117647059,0.976229779,0.529093365,1,0,0,0,0
148,0.470588235,0.718223836,0.48474023,0,0,1,1,1
149,0.205882353,0.926708485,0.629319226,0,0,0,1,0
150,0.029411765,0.939694068,0.614407287,0,0,0,1,0
151,0.088235294,0.907890393,0.557418732,0,0,0,1,1
152,0.470588235,0.69197755,0.355826193,0,1,1,1,1
153,0.294117647,0.586882359,0.598015505,1,0,1,0,0
154,0.294117647,0.630406075,0.520841623,0,0,0,1,0
155,0.117647059,0.943215583,0.538455065,1,1,1,0,1
156,0.073529412,0.942885441,0.638712841,0,0,0,1,0
157,0.117647059,0.995102894,0.416325573,0,0,0,0,0
158,0.294117647,0.820512821,0.594970009,0,0,0,1,0
159,0.029411765,0.909321008,0.476973539,0,0,1,1,1
160,0.294117647,0.855727963,0.61702554,0,0,0,1,0
161,0.205882353,0.955705954,0.355644336,1,0,1,0,1
162,0.161764706,0.944316056,0.531363863,0,0,0,1,0
163,0.088235294,0.611643006,0.401527746,0,0,0,1,1
164,0.470588235,0.963739408,0.638944678,0,0,0,1,0
165,0.029411765,0.849895455,0.442661808,0,0,1,1,1
166,0.205882353,0.951524155,0.308354699,1,0,1,0,1
167,0.102941176,0.926983603,0.284637168,1,1,1,0,1
168,0.294117647,0.795201937,0.590261008,1,0,1,0,0
169,0.294117647,0.907285133,0.642121447,0,0,1,0,0
170,0.161764706,0.961483438,0.581069422,0,0,1,1,0
171,0.117647059,0.971772862,0.34221766,1,0,1,0,1
172,0.294117647,0.90018708,0.36948305,1,0,1,0,1
173,0.058823529,0.93595246,0.371121114,0,0,1,1,1
174,0.25,0.825905139,0.401718786,0,0,1,1,1
175,0.382352941,0.601903819,0.252884979,1,0,0,0,1
176,0.117647059,0.871959943,0.385663318,0,0,0,0,1
177,0.029411765,0.995157918,0.609222267,0,0,0,1,0
178,0.117647059,0.90574447,0.492724005,0,0,1,1,0
179,0.25,0.982337405,0.647876727,0,0,0,1,0
180,0.470588235,0.48706944,0.410727009,0,0,1,0,1
181,0.470588235,0.768625509,0.548380852,0,0,1,0,1
182,0.25,0.923131947,0.427559432,0,0,0,1,1
183,0.294117647,0.805931551,0.483730083,0,0,0,1,1
184,0.205882353,0.965114999,0.589952996,0,0,0,1,0
185,0.161764706,0.938923737,0.437337385,0,0,1,1,1
186,0.073529412,0.731539562,0.607144615,1,0,0,0,0
187,0.176470588,0.949103114,0.457471076,0,0,0,1,1
188,0.117647059,0.976669968,0.389640377,0,1,1,0,0
189,0.205882353,0.835259161,0.612305398,1,0,1,0,1
190,0.294117647,0.761142291,0.607180144,0,0,0,1,1
191,0.647058824,0.802244965,0.571963496,0,0,1,1,0
192,0.338235294,0.798338285,0.397502061,0,0,0,1,1
193,0.029411765,0.897766039,0.46707184,0,0,1,0,0
194,0.602941176,0.846979201,0.548822396,0,1,1,1,1
195,0.073529412,0.931165401,0.644284306,1,0,1,0,0
196,0.029411765,0.937713217,0.458999997,1,0,1,0,1
197,0.117647059,0.961428414,0.572851251,1,0,1,0,1
198,0.294117647,0.861890613,0.587164327,0,0,0,1,0
199,0.205882353,0.777319247,0.531758437,0,0,0,0,0
200,0.073529412,0.962253769,0.518285243,0,0,0,1,0
201,0.117647059,0.94948828,0.407839133,0,0,1,0,1
202,0.338235294,0.732199846,0.602251499,0,0,1,1,0
203,0.117647059,0.964124574,0.526841234,0,1,1,0,0
204,0.117647059,0.931495543,0.451003275,0,0,0,1,0
205,0.382352941,0.429239573,0.670373801,0,0,0,1,0
206,0.117647059,0.907285133,0.655801338,0,0,0,1,0
207,0.117647059,0.935402223,0.474985913,0,0,1,1,0
208,0.294117647,0.652360515,0.400895162,0,1,1,0,1
209,0.117647059,0.936007483,0.459594643,0,0,0,1,0
210,0.073529412,0.844613184,0.496398622,0,0,1,1,1
211,0.470588235,0.802740178,0.647751023,1,0,0,0,0
212,0.338235294,0.722515682,0.491922662,0,0,0,1,1
213,0.382352941,0.908770771,0.6355579,0,0,0,1,0
214,0.470588235,0.829866843,0.521014898,0,0,0,1,0
215,0.029411765,0.962473864,0.579885698,1,0,0,0,0
216,0.205882353,0.842962474,0.412188185,0,0,1,1,0
217,0.470588235,0.798448333,0.484161842,0,1,1,1,1
218,0.294117647,0.847529438,0.437205659,0,1,1,0,1
219,0.088235294,0.938703643,0.532143678,1,0,0,0,1
220,0.117647059,0.979366127,0.273862918,0,0,1,0,1
221,0.117647059,0.947727523,0.477278992,1,1,1,0,1
222,0.117647059,0.974854187,0.435814185,0,0,1,1,1
223,0.294117647,0.849895455,0.538421042,0,0,1,1,1
224,0.161764706,0.75751073,0.388082252,0,0,1,1,1
225,0.470588235,0.869979091,0.481966014,0,0,1,1,1
226,0.647058824,0.410641576,0.568874493,0,0,1,1,0
227,0.117647059,0.580994828,0.525328723,0,0,0,1,0
228,0.073529412,0.932430945,0.419713555,0,1,1,1,0
229,0.294117647,0.840486409,0.304112383,0,1,1,1,1
230,0.470588235,0.782106306,0.419105961,0,0,1,1,1
231,0.073529412,0.875811599,0.587474297,0,0,0,1,0
232,0.117647059,0.895950259,0.405630509,0,0,0,1,0
233,0.205882353,0.966105425,0.380834935,0,0,1,0,1
234,0,0.928799384,0.490629343,0,0,0,1,0
235,0.294117647,0.913447783,0.340942406,0,0,1,1,1
236,0.029411765,0.212886541,0.184613638,0,1,1,1,1
237,0.25,0.861505447,0.509117293,0,0,0,0,0
238,0.117647059,0.94272037,0.429835801,1,0,0,0,1
239,0.382352941,0.874986244,0.652528221,0,0,0,1,0
240,0.294117647,0.963409266,0.513028263,1,0,1,0,0
241,0.029411765,0.925993177,0.441315648,0,0,0,1,0
242,0.647058824,0.76037196,0.711459991,0,1,1,1,0
243,0.117647059,0.948552878,0.46192867,1,0,1,0,1
244,0.117647059,0.824089358,0.384509101,1,0,0,0,1
245,0.294117647,0.944536151,0.41649373,0,0,1,1,0
246,0.117647059,0.974303951,0.668269955,0,0,0,1,0
247,0.029411765,0.947507428,0.321287292,0,0,0,1,1
248,0.294117647,0.907835369,0.471681181,0,0,1,1,1
249,0.205882353,0.98993067,0.439531105,1,1,1,0,1
250,0.029411765,0.977110157,0.567104854,1,0,0,0,0
251,0.117647059,0.889897656,0.443264133,1,0,0,0,1
252,0.382352941,0.895455046,0.42377823,1,1,1,0,1
253,0.294117647,0.785352702,0.541916964,0,0,0,1,1
254,0.073529412,0.902057885,0.429566629,0,1,1,1,0
255,0.823529412,0.605590404,0.475185082,0,0,1,1,1
256,0.294117647,0.866072411,0.425151639,0,0,0,1,1
257,0.117647059,0.895510069,0.328029233,0,0,1,0,1
258,0.161764706,0.804005722,0.505259615,1,1,1,0,1
259,0.102941176,0.950258611,0.4517581,1,0,0,0,1
260,0.117647059,0.92258171,0.441592949,0,0,1,1,1
261,0.294117647,0.925552988,0.59900849,1,0,0,0,0
262,0.205882353,0.722020469,0.72302068,0,0,0,1,0
263,0.117647059,0.862550897,0.686238379,1,0,0,0,0
264,0.088235294,0.946021789,0.618776512,0,0,1,1,0
265,0.161764706,0.96962694,0.536072864,0,0,0,1,0
266,0.470588235,0.666886761,0.630227906,0,0,0,1,0
267,0.294117647,0.929404644,0.413678566,1,0,0,0,1
268,0.147058824,0.519753494,0.612430199,0,0,0,0,0
269,0.294117647,0.958787279,0.558679986,0,0,1,1,0
270,0.205882353,0.867282932,0.478728425,0,0,1,1,0
271,0.117647059,0.936612743,0.552730506,1,0,0,0,0
272,0.647058824,0.344172994,0.393717548,0,0,0,1,1
273,0.647058824,0.845383515,0.649756714,0,0,1,1,0
274,0.382352941,0.35358204,0.299708834,0,0,1,0,1
275,0.073529412,0.865357104,0.453746328,0,0,1,1,1
276,0.205882353,0.881479036,0.496873437,1,0,1,0,1
277,0.117647059,0.944316056,0.608427246,0,0,0,0,0
278,0.029411765,0.760041818,0.472456481,1,0,1,0,1
279,0.294117647,0.909155937,0.526190434,0,0,1,1,1
280,0.161764706,0.828436228,0.633835833,0,1,1,1,0
281,0.117647059,0.927148674,0.380427113,0,0,0,1,1
282,0.205882353,0.934246726,0.514442619,0,0,0,1,0
283,0.161764706,0.930119952,0.575234355,0,0,0,1,0
284,0.294117647,0.800374161,0.343161267,0,0,0,0,1
285,0.632352941,0.423792231,0.359282823,1,0,0,0,1
286,0.647058824,0.75030263,0.539043991,0,0,1,1,0
287,0.647058824,0.596566524,0.502689987,0,0,1,1,1
288,0.117647059,0.953670078,0.524896212,1,0,0,0,1
289,0.294117647,0.957411687,0.465400806,0,0,0,0,1
290,0.117647059,0.954550457,0.447540623,0,0,1,0,1
291,0.470588235,0.496643557,0.52878731,0,0,1,0,1
292,0.294117647,0.66055904,0.681490236,1,0,0,0,0
293,0.558823529,0.749862441,0.615569483,0,0,0,1,0
294,0.647058824,0.593980412,0.57972823,0,0,0,0,0
295,0.647058824,0.46572026,0.439586806,1,0,1,0,1
296,0.117647059,0.756520304,0.488217184,1,1,1,0,1
297,0.088235294,0.942940464,0.447660606,0,0,0,1,0
298,0.205882353,0.87537141,0.51124101,0,0,0,1,1
299,0.25,0.862715968,0.517094444,0,0,1,1,0
300,0.029411765,0.976780015,0.41975661,1,0,0,0,1
301,0.470588235,0.804445912,0.376750539,1,0,0,0,1
302,0.294117647,0.939804116,0.485380793,0,0,0,1,0
303,0.088235294,0.956641356,0.519977051,0,0,0,1,0
304,0.647058824,0.456531308,0.45338111,0,0,0,1,1
305,0.029411765,0.928854407,0.36432859,0,0,1,0,1
306,0.382352941,0.749037086,0.574832253,1,1,1,0,0
307,0.117647059,0.973753714,0.365842004,0,0,1,0,1
308,0.058823529,0.945691647,0.496964064,1,1,1,0,1
309,0.073529412,0.998569385,0.455274195,0,1,1,0,1
310,0.647058824,0.7176736,0.424446342,0,0,0,1,1
311,0.294117647,0.710520524,0.326444311,0,0,1,1,1
312,0.294117647,0.807472213,0.499520594,1,0,1,0,1
313,0.117647059,0.976064708,0.521310716,0,0,1,0,0
314,0,0.931550567,0.382614059,0,0,1,1,1
315,0.470588235,0.862660944,0.620139382,0,0,1,1,0
316,0.117647059,0.974799164,0.474563638,0,0,0,1,1
317,0.294117647,0.77434797,0.54762151,1,0,0,0,1
318,0.117647059,0.975184329,0.435875607,0,0,1,1,1
319,0.161764706,0.813304721,0.669780358,1,0,1,0,0
320,0.382352941,0.779960383,0.379035037,0,0,1,0,1
321,0.294117647,0.907120062,0.409532597,0,0,1,0,1
322,0.294117647,0.853637064,0.48485359,0,0,1,1,0
323,0.205882353,0.867448003,0.38573588,0,0,1,1,1
324,0.205882353,0.957191592,0.495455618,1,0,0,0,1
325,0.058823529,0.826785518,0.606624939,0,0,0,1,0
326,0.117647059,0.694563662,0.585217499,0,0,0,1,0
327,0.294117647,0.929844833,0.506783717,1,0,1,0,0
328,0.470588235,0.767635083,0.509436896,0,0,1,1,0
329,0.029411765,0.954990646,0.555237658,0,0,1,1,0
330,0.294117647,0.649774403,0.493437281,0,0,0,1,1
331,0.205882353,0.911191812,0.440385891,1,0,1,0,1
332,0.823529412,0.60614064,0.428775824,1,1,1,0,1
333,0.647058824,0.376031694,0.554683507,1,1,1,0,1
334,0.294117647,0.787608672,0.650863811,0,1,1,1,0
335,0.029411765,0.827555849,0.554784672,0,0,0,0,1
336,0.132352941,0.898151205,0.463039531,1,1,1,0,1
337,0.161764706,0.943600748,0.391695898,1,1,1,0,1
338,0.294117647,0.784362276,0.479717195,0,0,1,1,1
339,0.088235294,0.930064928,0.352241902,0,0,1,0,1
340,0.294117647,0.697755035,0.525619724,1,1,1,0,1
341,0.25,0.815725762,0.593623398,1,0,1,0,0
342,0.205882353,0.836964895,0.47308786,0,0,1,0,1
343,0.205882353,0.769505888,0.530304789,0,0,1,1,0
344,0.088235294,0.796467481,0.327386563,0,0,0,1,1
345,0.161764706,0.933476395,0.366556484,1,0,0,0,1
346,0.132352941,0.965225047,0.483270323,0,1,1,1,1
347,0.294117647,0.806977,0.437412958,1,1,1,0,1
348,0.029411765,0.917849675,0.478560268,0,0,1,1,1
349,0.073529412,0.951249037,0.562749479,0,0,1,1,0
350,0.073529412,0.945746671,0.515214155,1,1,1,0,1
351,0.073529412,0.960988225,0.471538165,1,0,1,0,1
352,0.205882353,0.836084516,0.465172131,0,0,0,1,1
353,0.117647059,0.672664246,0.379592801,0,0,1,1,1
354,0.088235294,0.973753714,0.569672374,0,0,0,1,0
355,0.294117647,0.945196434,0.346849131,0,1,1,1,1
356,0.117647059,0.885495763,0.651747502,0,0,0,1,0
357,0.470588235,0.76818532,0.486283452,0,0,1,1,1
358,0.117647059,0.971057555,0.388596207,0,0,1,0,1
359,0.382352941,0.881368989,0.560692452,1,1,1,0,0
360,0.205882353,0.9455816,0.493295619,0,0,0,1,1
361,0.117647059,0.826730494,0.586550863,0,0,0,1,0
362,0.117647059,0.890117751,0.482064771,1,0,0,0,1
363,0.029411765,0.916584131,0.455069004,0,1,1,0,1
364,0.205882353,0.877682403,0.201593443,0,0,1,1,1
365,0.117647059,0.928909431,0.582305083,0,0,0,1,0
366,0.205882353,0.801914823,0.451063041,0,0,1,1,0
367,0.205882353,0.812919555,0.515125936,1,1,1,0,1
368,0.470588235,0.824144382,0.519950254,0,0,0,1,0
369,0.205882353,0.848629911,0.583785227,1,0,0,0,0
370,0.470588235,0.844338065,0.523707219,0,0,0,1,1
371,0.205882353,0.679762298,0.614383501,0,0,1,1,0
372,0.088235294,0.89567514,0.508634499,1,1,1,0,1
373,0.823529412,0.256850446,0.658365245,0,0,0,1,0
374,0.823529412,0.20039617,0.663366,1,0,0,0,0
375,0.647058824,0.590899087,0.61791465,1,0,0,0,0
376,0.205882353,0.886101023,0.451221713,0,0,1,0,1
377,0.044117647,0.967205899,0.591253993,0,0,0,1,0
378,0.470588235,0.225927149,0.431909839,0,0,0,1,0
379,0.029411765,0.99383735,0.49269751,1,0,0,0,1
380,0.235294118,0.892043579,0.535318641,0,0,0,1,0
381,0.205882353,0.299768901,0.334384729,1,0,0,0,1
382,0.264705882,0.943160559,0.550300733,1,0,1,0,0
383,0.117647059,0.940574447,0.289901676,0,0,1,1,1
384,0.382352941,0.778694839,0.487326719,0,0,1,1,1
385,0.205882353,0.890612964,0.452061144,1,0,1,0,1
386,0.205882353,0.951799274,0.354917512,1,1,1,0,1
387,0.205882353,0.608011445,0.407236055,0,0,0,1,1
388,0.161764706,0.885770881,0.535975613,0,0,1,1,1
389,0.073529412,0.934026631,0.497529806,1,0,1,0,0
390,0.205882353,0.913612854,0.479596007,0,0,1,0,1
391,0.117647059,0.959667657,0.502756226,1,1,1,0,1
392,0.470588235,0.834984043,0.653749881,0,0,0,1,0
393,0.029411765,0.906074612,0.592648628,1,0,1,0,0
394,0.073529412,0.881368989,0.402461718,0,0,1,1,1
395,0.514705882,0.366677671,0.505063607,0,0,1,1,0
396,0.117647059,0.871904919,0.424412771,1,0,0,0,1
397,0.470588235,0.884560361,0.515686561,0,0,0,0,1
398,0.117647059,0.946461979,0.570066798,0,0,0,0,0
399,0.294117647,0.930340046,0.39059678,1,0,0,0,1
400,0.205882353,0.932706064,0.475396295,0,0,0,0,1
401,0.205882353,0.909926268,0.533173697,0,0,1,0,1
402,0.294117647,0.537911302,0.402858099,0,0,1,1,1
403,0.147058824,0.96962694,0.417057816,0,0,1,1,1
404,0.205882353,0.854242324,0.569325521,0,0,0,1,0
405,0.294117647,0.901562672,0.408498664,0,1,1,0,1
406,0.294117647,0.892868934,0.592927736,0,0,0,1,0
407,0.161764706,0.955816001,0.347456876,0,0,1,0,1
408,0.294117647,0.835754374,0.543542082,0,0,1,0,0
409,0.117647059,0.962088698,0.526462466,0,0,1,0,0
410,0.294117647,0.905524375,0.595282237,1,1,1,0,0
411,0.426470588,0.614669308,0.527033779,0,0,0,1,0
412,0.117647059,0.887641686,0.349821162,0,0,0,1,1
413,0.088235294,0.92588313,0.382471645,0,0,0,1,1
414,0.294117647,0.93776824,0.415234584,1,0,0,0,1
415,0.470588235,0.692307692,0.60394963,0,0,0,1,0
416,0.117647059,0.871849895,0.253859898,0,0,1,1,1
417,0.205882353,0.54765049,0.465773552,1,1,1,0,1
418,0.25,0.860680092,0.555475366,1,0,1,0,0
419,0.205882353,0.956421261,0.402289044,1,0,1,0,1
420,0.161764706,0.838450534,0.527171828,1,1,1,0,0
421,0.117647059,0.902167932,0.375779533,0,0,1,1,1
422,0.117647059,0.961043249,0.565027654,0,0,0,1,0
423,0.25,0.926213272,0.567667585,0,0,1,1,0
424,0.117647059,0.861780566,0.554312116,1,0,1,0,0
425,0.205882353,0.860845163,0.524042329,0,1,1,0,1
426,0.352941176,0.862826015,0.55177064,0,0,1,1,0
427,0.205882353,0.95053373,0.494216946,0,0,0,1,1
428,0.073529412,0.941509849,0.653960793,0,1,1,1,0
429,0.205882353,0.948277759,0.509301106,1,0,0,0,1
430,0.014705882,0.824034335,0.551393529,0,0,0,1,0
431,0.294117647,0.390447893,0.491702116,0,0,1,1,1
432,0.029411765,0.910751623,0.4772397,0,0,0,1,1
433,0.294117647,0.900517222,0.45481579,0,0,1,0,1
434,0.073529412,0.896225377,0.397473759,0,0,1,1,1
435,0.117647059,0.932100803,0.396852315,0,0,1,0,1
436,0.029411765,0.977440299,0.5516624,0,1,1,0,0
437,0.294117647,0.942940464,0.648754997,1,0,0,0,0
438,0.558823529,0.827005612,0.443875189,0,0,0,1,1
439,0.117647059,0.980246506,0.250770896,1,0,1,0,1
440,0.117647059,0.910091339,0.586555981,0,0,0,1,0
441,0.117647059,0.924617586,0.488483345,1,0,1,0,1
442,0.235294118,0.869098712,0.546553705,0,0,1,1,1
443,0.117647059,0.974193903,0.551970412,0,0,0,1,0
444,0.647058824,0.733355343,0.574650698,1,0,1,0,1
445,0.073529412,0.945306482,0.584899701,1,0,0,0,0
446,0.470588235,0.912402333,0.48985871,1,0,1,0,1
447,0.044117647,0.872014966,0.418505292,0,0,0,1,1
448,0.117647059,0.935402223,0.622272735,1,0,0,0,0
449,0.161764706,0.930560141,0.513300747,0,0,0,0,1
450,0.470588235,0.405524375,0.372300021,0,0,1,1,1
451,0.029411765,0.985253659,0.359317598,1,0,1,0,1
452,0.117647059,0.861945637,0.662869959,0,0,1,1,0
453,0.294117647,0.866842742,0.611341468,0,0,0,1,0
454,0.294117647,0.748706944,0.535099149,0,0,1,1,0
455,0.294117647,0.866347529,0.332179568,1,0,1,0,1
456,0.102941176,0.798888522,0.462355913,0,0,0,1,1
457,0.117647059,0.827445802,0.578932005,0,0,0,1,0
458,0.029411765,0.9948828,0.283589686,1,0,1,0,1
459,0.205882353,0.76097722,0.350423486,0,0,1,1,1
460,0.470588235,0.814570265,0.518169023,0,0,0,1,1
461,0.161764706,0.919060196,0.449145718,0,0,0,1,1
462,0.117647059,0.847749532,0.32689549,1,0,1,0,1
463,0.117647059,0.972268075,0.62137956,0,0,0,1,0
464,0.205882353,0.906459778,0.439505513,0,0,1,1,0
465,0.294117647,0.852866733,0.523469962,0,0,0,1,1
466,0.294117647,0.922471663,0.342621267,1,0,1,0,1
467,0.647058824,0.615494663,0.637994447,0,0,1,1,0
468,0.426470588,0.861670518,0.534227803,1,0,1,0,1
469,0.294117647,0.756300209,0.528759911,0,0,0,1,0
470,0.294117647,0.843622758,0.382215269,0,1,1,0,1
471,0.029411765,0.989105315,0.422049689,1,1,1,0,1
472,0.073529412,0.977770441,0.404892996,0,0,1,1,1
473,0.029411765,0.945636624,0.390706677,0,0,0,1,1
474,0.205882353,0.945251458,0.400210942,0,0,1,0,1
475,0.205882353,0.842412237,0.520612947,1,0,1,0,1
476,0.514705882,0.872400132,0.537136003,0,1,1,1,1
477,0.294117647,0.730274018,0.423142635,0,0,1,1,0
478,0.117647059,0.956696379,0.533211182,0,0,0,1,0
479,0.161764706,0.932430945,0.622175935,0,0,0,1,0
480,0.117647059,0.817156377,0.383219244,1,1,1,0,1
481,0.294117647,0.947672499,0.324053981,0,0,1,1,1
482,0.382352941,0.814460218,0.641267564,1,0,0,0,0
483,0.161764706,0.960933201,0.518951549,1,0,1,0,0
484,0.117647059,0.949763398,0.477657759,0,0,0,1,1
485,0.029411765,0.94723231,0.391003549,0,0,0,1,1
486,0.117647059,0.844448113,0.520079722,0,0,0,1,1
487,0.294117647,0.807032024,0.576958078,1,0,0,0,0
488,0.088235294,0.935732365,0.384304061,0,0,0,1,1
489,0.029411765,0.820182679,0.452637726,0,0,1,1,1
490,0.117647059,0.907340156,0.578292195,0,0,1,1,0
491,0.338235294,0.55606911,0.670258184,1,0,0,0,0
492,0.029411765,0.945691647,0.460484356,1,0,1,0,1
493,0.029411765,0.993507208,0.56240353,0,0,0,1,0
494,0.117647059,0.896995708,0.429080825,0,0,0,1,1
495,0.294117647,0.848905029,0.553740653,0,1,1,0,1
496,0.470588235,0.516672169,0.299955424,0,0,1,1,1
497,0.294117647,0.926543414,0.552681128,0,0,0,1,0
498,0.205882353,0.942170133,0.469405114,0,0,1,0,0
499,0.029411765,0.940959613,0.661154365,0,0,1,0,0
500,0.294117647,0.841917024,0.304378544,1,0,1,0,1
501,0.470588235,0.71151095,0.654033957,0,0,0,1,0
502,0.073529412,0.951799274,0.624867352,0,0,0,0,0
503,0.294117647,0.946847144,0.509946938,0,0,0,1,1
504,0.294117647,0.947342357,0.463527443,1,1,1,0,1
505,0.088235294,0.941729944,0.447435393,0,0,1,1,1
506,0.161764706,0.883900077,0.442604301,0,0,0,1,1
507,0.161764706,0.636843843,0.35788066,0,0,1,1,1
508,0.294117647,0.936007483,0.414907001,0,0,1,0,1
509,0.514705882,0.541212721,0.498775554,0,0,0,1,0
510,0.117647059,0.971992957,0.435281863,0,0,1,1,0
511,0.470588235,0.755915043,0.499504486,0,0,1,1,1
512,0.161764706,0.86590734,0.578791698,0,0,1,1,0
513,0.117647059,0.981567074,0.53008635,0,1,1,0,1
514,0.294117647,0.889677561,0.313264225,0,0,0,1,1
515,0.029411765,0.980246506,0.513424795,1,0,0,0,0
516,0.029411765,0.938868714,0.451463035,0,0,0,1,1
517,0.470588235,0.621602289,0.544283508,1,1,1,0,1
518,0.029411765,0.947562452,0.491840164,0,0,0,1,0
519,0.029411765,0.975239353,0.605516487,0,0,0,1,0
520,0.294117647,0.710740618,0.636562778,0,0,0,1,0
521,0.205882353,0.838230439,0.442315558,1,1,1,0,1
522,0.647058824,0.622042478,0.592701017,0,0,0,1,1
523,0.294117647,0.821833388,0.564207945,1,1,1,0,0
524,0.205882353,0.952514581,0.471329662,1,0,1,0,1
525,0.323529412,0.575437438,0.46182329,0,0,1,1,1
526,0.161764706,0.929459668,0.435576628,1,0,1,0,1
527,0,0.931055354,0.44453743,0,0,0,1,0
528,0.470588235,0.887091449,0.531661337,0,0,1,0,1
529,0.029411765,0.977330252,0.427610918,0,0,0,1,1
530,0.470588235,0.888687135,0.516454333,0,0,1,1,0
531,0.161764706,0.868988665,0.579364968,1,0,1,0,1
532,0.117647059,0.931055354,0.474177193,0,0,0,0,1
533,0.294117647,0.941619897,0.508974427,0,0,1,0,0
534,0.294117647,0.84290745,0.397586065,0,0,1,1,1
535,0.25,0.886156047,0.366416629,0,0,1,0,1
536,0.029411765,0.938153406,0.342802822,1,0,0,0,1
537,0.205882353,0.815010454,0.593034321,1,0,0,0,0
538,0.647058824,0.586607241,0.624868105,0,0,0,1,0
539,0.205882353,0.845988775,0.358487652,1,0,0,0,1
540,0.117647059,0.92934962,0.380836591,0,1,1,0,1
541,0.294117647,0.901947838,0.641128462,0,0,0,1,0
542,0.382352941,0.664355673,0.56682951,0,0,1,1,0
543,0.205882353,0.856168152,0.375885365,0,0,1,1,1
544,0.117647059,0.944701222,0.592995029,0,0,0,1,0
545,0.294117647,0.940409376,0.36921433,0,0,0,1,1
546,0.294117647,0.902498074,0.501695948,1,0,0,0,1
547,0.294117647,0.928359194,0.444491815,0,0,1,1,0
548,0.117647059,0.979311104,0.459899193,1,1,1,0,1
549,0.647058824,0.526356333,0.51288344,0,0,0,1,0
550,0.117647059,0.95895235,0.572390588,1,1,1,0,0
551,0.029411765,0.91746451,0.587015741,0,0,0,1,0
552,0.647058824,0.628645317,0.562921701,0,0,1,0,0
553,0.117647059,0.903983713,0.283094097,0,0,1,1,1
554,0.073529412,0.947782546,0.585360364,1,0,0,0,0
555,0.117647059,0.940519423,0.351906942,0,1,1,1,1
556,0.205882353,0.888412017,0.467155542,1,0,1,0,1
557,0.25,0.738472543,0.60250652,1,0,1,0,1
558,0.294117647,0.818311874,0.563552779,0,0,1,1,0
559,0.205882353,0.907670298,0.431978788,0,0,1,1,1
560,0.294117647,0.850665786,0.585075988,0,0,0,1,0
561,0.294117647,0.928689336,0.529824555,0,1,1,1,0
562,0.029411765,0.976174755,0.342124624,1,0,1,0,1
563,0.470588235,0.332067789,0.521424377,0,0,0,1,1
564,0.294117647,0.754484428,0.450902712,0,0,0,1,1
565,0.294117647,0.928304171,0.537504834,1,1,1,0,0
566,0.117647059,0.938263453,0.537533739,0,0,0,0,0
567,0.294117647,0.871904919,0.558019702,0,0,1,1,0
568,0.647058824,0.794816771,0.500814064,0,0,0,1,0
569,0.647058824,0.64190602,0.456861676,1,0,1,0,1
570,0.294117647,0.835809398,0.419521311,1,1,1,0,1
571,0.382352941,0.686145042,0.462356214,0,0,0,1,0
572,0.294117647,0.714812369,0.459025739,1,0,1,0,1
573,0.161764706,0.969406845,0.466264475,1,1,1,0,1
574,0.073529412,0.954220315,0.586558089,0,0,1,1,0
575,0.161764706,0.86034995,0.577757766,1,1,1,0,0
576,0.117647059,0.852536591,0.428561299,1,0,1,0,0
577,0.294117647,0.907725322,0.487164583,1,0,1,0,1
578,0.470588235,0.858589193,0.526358591,0,0,1,0,1
579,0.294117647,0.962198745,0.443035608,0,0,1,0,1
580,0.205882353,0.95565093,0.619199991,0,0,1,1,0
581,0.117647059,0.841862001,0.480838895,0,0,0,1,1
582,0.073529412,0.937383075,0.374123253,1,0,1,0,1
583,0.470588235,0.882579509,0.32151958,0,0,1,1,1
584,0.117647059,0.896390448,0.584006978,1,0,0,0,0
585,0.205882353,0.901562672,0.578129307,1,1,1,0,1
586,0.073529412,0.85974469,0.468206034,0,0,0,1,1
587,0.117647059,0.942830417,0.313577205,0,1,1,1,1
588,0.205882353,0.946792121,0.42375339,0,0,0,0,1
589,0.117647059,0.890172774,0.590602139,0,0,0,1,0
590,0.117647059,0.992571806,0.601901184,1,0,0,0,0
591,0.294117647,0.905634423,0.548791083,1,0,0,0,1
592,0.25,0.927258721,0.567862088,1,0,0,0,0
593,0.294117647,0.864201607,0.502322962,1,1,1,0,1
594,0.294117647,0.939033785,0.578260731,0,0,0,1,0
595,0.029411765,0.962528887,0.347337796,1,0,1,0,1
596,0.294117647,0.934411797,0.600656641,1,1,1,0,0
597,0.294117647,0.780400572,0.641770831,0,0,0,1,1
598,0.205882353,0.861065258,0.539587152,0,0,1,1,0
599,0.294117647,0.801199516,0.482849705,0,0,1,1,1
600,0.044117647,0.88560581,0.359018318,1,0,0,0,1
601,0.073529412,0.963244195,0.332422997,1,0,1,0,1
602,0.294117647,0.912677451,0.5268456,1,0,1,0,0
603,0.470588235,0.829481677,0.451175798,1,0,1,0,1
604,0.088235294,0.943600748,0.33150438,1,1,1,0,1
605,0.294117647,0.858149004,0.493444958,0,1,1,1,1
606,0.294117647,0.764718829,0.43730291,0,0,0,1,1
607,0.470588235,0.866787719,0.527883898,1,0,0,0,1
608,0.205882353,0.900902388,0.298936696,0,0,1,1,1
609,0.161764706,0.942225157,0.577486486,0,0,0,1,0
610,0.117647059,0.972983383,0.342442873,1,1,1,0,1
611,0.088235294,0.945526576,0.634188255,1,0,0,0,0
612,0.25,0.829041488,0.340286788,1,0,1,0,1
613,0.294117647,0.813909981,0.578237698,1,1,1,0,1
614,0.205882353,0.914273137,0.394447533,1,1,1,0,0
615,0.647058824,0.342247166,0.455374758,0,0,0,1,1
616,0.823529412,0.509904259,0.519398512,0,0,1,1,1
617,0.029411765,0.81148894,0.575051294,0,0,0,1,1
618,0.382352941,0.8244195,0.565601074,1,1,1,0,1
619,0.117647059,0.978540773,0.36673262,0,0,0,0,1
620,0.25,0.812809508,0.585328901,0,0,1,1,0
621,0.205882353,0.929569715,0.474812788,0,0,1,1,1
622,0.647058824,0.798393309,0.454967839,0,0,0,0,1
623,0.117647059,0.911521954,0.284496561,1,1,1,0,1
624,0.205882353,0.870694399,0.525874744,0,0,0,1,1
625,0.161764706,0.904864092,0.477512334,0,0,0,1,0
626,0.029411765,0.89732585,0.420478316,0,0,0,1,1
627,0.073529412,0.934686915,0.528660402,0,0,1,1,0
628,0.558823529,0.791350281,0.576776523,0,0,0,1,1
629,0.073529412,0.802905249,0.604918076,0,0,0,1,0
630,0.294117647,0.812369319,0.546943311,1,0,1,0,1
631,0.205882353,0.928304171,0.443569586,0,0,0,1,1
632,0.161764706,0.93430175,0.296942596,0,1,1,1,1
633,0.073529412,0.904809068,0.430078477,1,1,1,0,1
634,0.294117647,0.939198856,0.469764311,1,0,1,0,1
635,0.117647059,0.937107956,0.66134977,0,0,0,1,0
636,0.294117647,0.938043359,0.415285769,1,0,1,0,0
637,0.823529412,0.152470562,0.615689918,0,1,1,1,0
638,0.117647059,0.93160559,0.381256307,1,0,1,0,1
639,0.558823529,0.77330252,0.557914924,0,0,1,1,0
640,0.205882353,0.97248817,0.219231725,1,0,1,0,1
641,0.161764706,0.941784968,0.600660404,0,0,0,1,0
642,0.161764706,0.759381534,0.411686122,0,0,0,1,1
643,0.294117647,0.91190712,0.503446468,0,0,1,0,0
644,0.205882353,0.910311434,0.463477914,0,0,1,0,0
645,0.470588235,0.574667107,0.473535878,0,0,1,1,1
646,0.382352941,0.76158248,0.507398838,0,0,1,0,1
647,0.117647059,0.937493122,0.444367165,1,0,1,0,1
648,0.294117647,0.961648509,0.51270068,0,0,0,1,0
649,0.117647059,0.976119731,0.459305449,0,0,0,1,1
650,0.647058824,0.602399032,0.441759601,0,0,0,1,0
651,0.117647059,0.90800044,0.353608837,0,0,0,1,1
652,0.294117647,0.887036426,0.452307734,0,0,0,1,0
653,0.470588235,0.568834599,0.790280217,0,0,0,1,0
654,0.294117647,0.884670408,0.544890801,0,0,0,1,0
655,0.147058824,0.795146913,0.454363858,0,1,1,1,1
656,0.117647059,0.964894905,0.550240365,0,0,0,1,0
657,0.647058824,0.451304061,0.483416351,0,0,0,1,0
658,0.382352941,0.781501045,0.46459299,1,0,1,0,1
659,0.205882353,0.663750413,0.456365786,0,0,0,1,0
660,0.117647059,0.942390228,0.507293759,0,1,1,0,1
661,0.117647059,0.964234621,0.387326824,0,1,1,0,1
662,0.25,0.890447893,0.537757747,0,0,0,1,0
663,0.029411765,0.955981072,0.29960797,0,0,0,1,1
664,0.029411765,0.956146143,0.501189068,1,0,0,0,1
665,0.294117647,0.666336525,0.341479846,0,0,1,1,1
666,0.382352941,0.821393199,0.409999282,0,0,1,1,1
667,0.647058824,0.815175525,0.504601739,1,0,1,0,1
668,0.117647059,0.747276329,0.610528382,0,0,0,1,0
669,0.382352941,0.847749532,0.600949297,0,0,0,1,0
670,0.294117647,0.786012986,0.487776242,0,0,1,1,1
671,0.470588235,0.697810058,0.558461698,0,0,1,1,0
672,0.823529412,0.443380654,0.693068539,0,0,0,1,0
673,0.029411765,0.899306702,0.451854598,0,1,1,0,1
674,0.25,0.871794872,0.324985092,0,0,0,1,1
675,0.382352941,0.764498734,0.562204963,1,0,1,0,0
676,0.294117647,0.730384065,0.562697993,0,0,1,1,0
677,1,0.705898536,0.565438487,0,1,1,0,1
678,0.294117647,0.882579509,0.56775761,0,0,0,1,0
679,0.205882353,0.933806537,0.33606615,1,0,1,0,1
680,0.029411765,0.929129526,0.410891403,1,0,0,0,1
681,0.117647059,0.888356994,0.466233312,0,0,0,1,1
682,0.161764706,0.932430945,0.482641051,0,0,1,0,1
683,0.294117647,0.732970177,0.501163626,0,0,0,0,1
684,0.470588235,0.471387697,0.570600173,0,0,1,1,0
685,0.823529412,0.654616485,0.554073655,0,0,1,1,1
686,0.088235294,0.939639045,0.470302203,0,0,1,1,0
687,0.470588235,0.8562782,0.572440267,0,0,1,1,0
688,0.073529412,0.862275779,0.577204066,0,0,0,1,0
689,0.117647059,0.812864532,0.498699831,0,0,1,1,1
690,0.161764706,0.960107846,0.549805746,0,0,1,0,1
691,0.161764706,0.868988665,0.385566519,1,0,1,0,1
692,0.294117647,0.854407395,0.368717837,0,0,1,1,1
693,0.029411765,0.754264334,0.448125786,0,0,0,1,1
694,0.294117647,0.888081875,0.452502237,0,0,1,1,0
695,0.029411765,0.945746671,0.522510097,0,0,0,1,1
696,0.117647059,0.953064818,0.524783605,0,0,1,1,0
697,0.117647059,0.962804006,0.340549035,1,0,0,0,1
698,0.205882353,0.914713327,0.441041057,0,1,1,1,1
699,0.161764706,0.908935842,0.594548939,0,0,0,1,0
700,0.117647059,0.951964345,0.454811424,1,0,1,0,1
701,0.647058824,0.665401122,0.662783246,0,0,0,1,0
702,0.294117647,0.937988335,0.508298787,1,0,0,0,0
703,0.382352941,0.876031694,0.559699467,0,0,0,1,0
704,0.338235294,0.874656102,0.318677469,1,0,1,0,1
705,0.161764706,0.720809948,0.629316215,1,0,0,0,0
706,0.647058824,0.652800704,0.505400222,0,1,1,1,0
707,0.117647059,0.850390668,0.412658182,1,0,1,0,1
708,0.073529412,0.947397381,0.562032892,1,0,1,0,0
709,0.073529412,0.897215803,0.405409962,0,0,0,1,1
710,0.205882353,0.979146033,0.615819235,0,0,1,1,0
711,0.029411765,0.94783757,0.553906853,1,0,0,0,0
712,0.25,0.877517332,0.605119504,0,0,0,1,0
713,0.073529412,0.95113899,0.492961563,0,0,1,1,1
714,0.823529412,0.241939034,0.454040641,0,0,1,1,0
715,0.382352941,0.595796192,0.693609141,0,0,0,1,0
716,0.382352941,0.844448113,0.584831204,0,0,0,1,0
717,0.205882353,0.930945306,0.420805146,0,0,1,1,1
718,0.294117647,0.840541433,0.474665255,0,0,1,1,1
719,0.235294118,0.675470452,0.619056974,0,0,1,0,0
720,0.073529412,0.940189281,0.397901152,0,0,1,1,1
721,0.029411765,0.98993067,0.329179988,1,1,1,0,1
722,0.117647059,0.94618686,0.360713287,1,1,1,0,1
723,0.073529412,0.970287224,0.403500769,1,0,0,0,1
724,0.338235294,0.872345108,0.488790152,1,1,1,0,1
725,0.029411765,1,0.462836297,1,0,0,0,1
726,0.161764706,0.941344778,0.476547501,0,0,0,0,1
727,0.205882353,0.910201387,0.533224882,1,0,1,0,1
728,0.647058824,0.660724111,0.568889848,1,0,0,0,0
729,0.294117647,0.943600748,0.617870089,0,0,0,0,1
730,0.294117647,0.661439419,0.410336198,0,0,1,1,1
731,0.294117647,0.904423902,0.540813932,0,1,1,1,1
732,0.058823529,0.971937933,0.4010719,1,0,0,0,0
733,0.294117647,0.870529328,0.557763778,1,0,1,0,1
734,0,0.827775944,0.433074594,1,0,0,0,0
735,0.470588235,0.794211511,0.359342588,1,0,1,0,1
736,0.294117647,0.377682403,0.566846521,1,1,1,0,1
737,0.205882353,0.772752283,0.468893266,0,0,0,1,1
738,0.029411765,0.641740949,0.566726086,0,0,0,1,0
739,0.382352941,0.778254649,0.518252575,1,0,1,0,1
740,0.294117647,0.885825905,0.560609653,0,0,1,1,0
741,0.088235294,0.956091119,0.45010724,0,1,1,1,1
742,0.25,0.839881149,0.528349981,0,0,0,1,0
743,0.294117647,0.877132167,0.49697671,0,1,1,1,1
744,0.514705882,0.233575437,0.534563966,0,0,1,1,0
745,0.132352941,0.914878398,0.342120559,0,0,1,1,1
746,0.161764706,0.875591504,0.472066272,1,1,1,0,1
747,0.117647059,0.943655772,0.298226883,1,0,0,0,1
748,0.25,0.724991746,0.506975209,0,0,1,1,1
749,0.161764706,0.847089248,0.482267402,0,0,1,1,0
750,0.029411765,0.990205788,0.484269932,1,0,0,0,0
751,0.205882353,0.960052823,0.426220498,1,1,1,0,1
752,0.117647059,0.967481017,0.566225378,1,1,1,0,0
753,0.382352941,0.696214372,0.479733454,1,0,1,0,0
754,0.117647059,0.928194123,0.613179755,0,0,0,1,0
755,0.294117647,0.943050512,0.555752216,1,0,1,0,0
756,0.029411765,0.94228018,0.459849664,0,0,0,1,1
757,0.161764706,0.943820843,0.562279482,0,0,0,1,1
758,0.294117647,0.937107956,0.477127244,0,0,1,1,1
759,0.117647059,0.975734566,0.57551286,0,0,0,1,0
760,0.161764706,0.736161549,0.632172327,1,0,0,0,0
761,0.205882353,0.896885661,0.530747537,1,1,1,0,1
762,0.117647059,0.891933531,0.397131273,0,1,1,1,1
763,0.25,0.316055904,0.500661564,0,0,1,1,0
764,0.294117647,0.87823264,0.543693077,0,0,1,0,0
765,0.117647059,0.950203588,0.578514849,0,0,0,0,0
766,0.382352941,0.842742379,0.49924254,0,0,1,0,1
767,0.088235294,0.854132277,0.500905595,1,0,1,0,1
768,0.117647059,0.814735336,0.731606027,0,0,1,1,0
769,0.117647059,0.922691757,0.650915749,0,0,0,1,0
770,0.294117647,0.859029383,0.648647509,1,0,1,0,0
771,0.470588235,0.569990096,0.480417674,1,0,1,0,1
772,0.25,0.833553428,0.689963428,0,0,0,1,0
773,0.294117647,0.891438318,0.639173203,0,0,0,1,0
774,0.117647059,0.932320898,0.489916519,0,0,0,1,1
775,0.294117647,0.938318477,0.508360209,1,0,1,0,1
776,0.470588235,0.819247276,0.612062421,0,0,0,1,0
777,0.205882353,0.820677891,0.377034464,1,0,1,0,0
778,0.470588235,0.699515792,0.566530982,0,0,0,1,0
779,0.205882353,0.800704303,0.435333951,1,0,0,0,1
780,0.514705882,0.742324199,0.574951333,0,0,1,1,0
781,0.294117647,0.907010014,0.595558635,0,0,0,1,0
782,0.117647059,0.936172554,0.420865664,0,0,1,1,1
783,0.117647059,0.967756135,0.318214548,1,1,1,0,1
784,0.235294118,0.657862881,0.468494325,0,0,0,0,1
785,0.205882353,0.906954991,0.369830203,0,0,0,1,1
786,0.264705882,0.866567624,0.613570265,0,0,0,1,0
787,0.647058824,0.862385826,0.652919935,0,0,0,1,0
788,0.647058824,0.671288654,0.617366973,0,0,0,1,0
789,0.529411765,0.683724001,0.458257817,0,0,1,1,1
790,0.25,0.948387807,0.657064398,1,0,0,0,0
791,0.294117647,0.666391548,0.605055974,0,0,0,1,0
792,0.029411765,0.946572026,0.507159775,0,0,1,0,1
793,0.294117647,0.85462749,0.616820801,0,0,0,0,0
794,0.294117647,0.845273468,0.537561138,0,0,1,1,0
795,0.073529412,0.887146473,0.473304041,1,1,1,0,1
796,0.205882353,0.600473203,0.615135917,0,0,0,1,0
797,0.117647059,0.944536151,0.515444938,1,1,1,0,1
798,0.294117647,0.974303951,0.654590065,0,0,0,0,0
799,0.073529412,0.928524265,0.279451847,0,0,0,1,1
800,0.294117647,0.92588313,0.64558154,0,0,0,1,0
801,0.205882353,0.914988445,0.634890691,1,0,0,0,0
802,0.235294118,0.778694839,0.700277015,1,1,1,0,0
803,0.117647059,0.960052823,0.619106955,0,0,0,1,0
804,0.117647059,0.602619126,0.273537895,1,1,1,0,1
805,0.470588235,0.503631562,0.42931221,0,1,1,1,0
806,0.029411765,0.981291956,0.381836351,0,0,1,0,1
807,0.117647059,0.962583911,0.712601111,0,0,0,1,0
808,0.558823529,0.502971278,0.406845546,0,0,0,1,1
809,0.161764706,0.915923847,0.355538956,1,0,1,0,1
810,0.058823529,0.963849455,0.360807377,0,0,1,0,1
811,0.029411765,0.987124464,0.475944725,0,0,1,0,0
812,0.470588235,0.483933091,0.549678386,0,1,1,1,0
813,0.647058824,0.845878728,0.587833343,0,0,0,1,1
814,0.647058824,0.797457907,0.594328694,0,0,0,1,0
815,0.470588235,0.604820073,0.44813798,1,0,0,0,1
816,0.029411765,0.940134258,0.552473679,0,0,0,0,1
817,0.029411765,0.928249147,0.550262495,1,1,1,0,0
818,0.470588235,0.141245736,0.338635778,0,0,0,0,1
819,0.205882353,0.939749092,0.445698873,0,0,1,0,1
820,0.117647059,0.953174865,0.462788575,0,0,1,0,1
821,0.117647059,0.847804556,0.350161541,0,1,1,0,1
822,0.470588235,0.864531749,0.589479687,0,0,0,1,0
823,0.058823529,0.973533619,0.587415284,0,0,0,1,0
824,0.205882353,0.80576648,0.428523814,0,0,0,0,1
825,0.25,0.925608011,0.590810793,0,0,1,0,0
826,0.205882353,0.795532079,0.744449197,1,0,1,0,0
827,0.205882353,0.78458237,0.47884615,0,0,0,1,1
828,0.470588235,0.555133707,0.593932765,0,0,0,1,0
829,0.647058824,0.646142841,0.519665426,0,0,0,1,1
830,0.294117647,0.883074722,0.451570673,0,0,0,1,1
831,0.205882353,0.946847144,0.400507813,1,1,1,0,1
832,0.602941176,0.363596346,0.66044109,0,0,1,1,0
833,0.294117647,0.734015627,0.625389136,1,0,0,0,0
834,0.161764706,0.885715858,0.419686306,1,0,1,0,1
835,0.117647059,0.954220315,0.524998581,0,0,0,1,1
836,0.117647059,0.965004952,0.387470142,1,1,1,0,1
837,0,0.980686695,0.438267292,1,1,1,0,1
838,0.294117647,0.851050952,0.631659274,0,0,0,1,0
839,0.294117647,0.870089138,0.588689634,0,0,0,0,0
840,0.470588235,0.728788379,0.455697975,0,0,1,1,0
841,0.25,0.8490701,0.444788236,0,0,1,1,1
842,0.205882353,0.906844943,0.439577171,1,1,1,0,1
843,0.294117647,0.927974029,0.552947289,0,0,0,1,0
844,0.205882353,0.82546495,0.656994847,0,0,0,1,0
845,0.25,0.794981842,0.535500498,0,0,0,1,0
846,0.205882353,0.641740949,0.545294258,0,0,0,1,1
847,0.294117647,0.945031363,0.370074235,0,0,1,0,1
848,0.073529412,0.938703643,0.544911576,0,0,0,1,0
849,0.117647059,0.97474414,0.552072781,0,0,0,1,0
850,0.235294118,0.890778035,0.442059935,0,0,1,0,1
851,0.294117647,0.791350281,0.605048297,0,0,0,1,0
852,0.161764706,0.932816111,0.529224338,0,0,0,1,1
853,0.205882353,0.934411797,0.560984958,0,0,1,1,0
854,0.470588235,0.415373611,0.55242701,0,0,0,1,0
855,0.294117647,0.93265104,0.414282546,0,0,1,0,1
856,0.088235294,0.964564763,0.474939545,1,0,0,0,0
857,0.161764706,0.829811819,0.370525865,0,0,1,1,1
858,0.161764706,0.795917244,0.39522765,1,0,1,0,1
859,0.073529412,0.816936283,0.444737804,0,0,1,1,1
860,0.294117647,0.694398591,0.416468137,0,0,1,1,1
861,0.205882353,0.894409596,0.390751991,0,0,1,0,1
862,0.294117647,0.879553208,0.450915508,1,0,0,0,1
863,0.338235294,0.764718829,0.367991465,0,0,1,1,1
864,0.088235294,0.892153626,0.40720414,0,0,1,1,1
865,0.161764706,0.891548366,0.537050494,1,1,1,0,1
866,0.205882353,0.882304391,0.295476604,1,0,1,0,1
867,0.117647059,0.830472103,0.61050279,0,0,0,1,0
868,0.470588235,0.606085617,0.556900562,0,0,0,1,0
869,0.117647059,0.977880489,0.575912102,1,1,1,0,0
870,0.470588235,0.591284252,0.631666199,1,0,0,0,0
871,0.029411765,0.939859139,0.691957378,0,0,0,1,0
872,0.294117647,0.937713217,0.461735975,0,0,1,1,0
873,0.161764706,0.965665236,0.302777664,1,1,1,0,1
874,0.117647059,0.816220975,0.398549092,0,0,1,1,1
875,0.102941176,0.941014636,0.519805733,1,0,0,0,1
876,0.205882353,0.907010014,0.493871448,0,0,0,1,1
877,0.470588235,0.815945857,0.518424947,0,0,1,1,0
878,0.073529412,0.93551227,0.381527135,0,0,1,1,1
879,0.382352941,0.642786398,0.578320497,0,0,0,1,0
880,0.294117647,0.583801034,0.496667042,0,0,0,1,0
881,0.294117647,0.50330142,0.489442307,0,0,0,0,1
882,0.382352941,0.893749312,0.656019024,0,0,0,1,0
883,0.205882353,0.953339936,0.401715775,1,0,0,0,1
884,0.294117647,0.790524926,0.511871486,0,0,0,0,0
885,0.117647059,0.970012105,0.434913333,1,0,0,0,1
886,0.294117647,0.858314075,0.539987297,0,0,1,1,0
887,0.647058824,0.151425113,0.396617166,0,1,1,1,1
888,0.470588235,0.649829427,0.650310263,0,0,1,1,0
889,0.352941176,0.583250798,0.48425277,0,0,0,1,1
890,0.338235294,0.879388137,0.761418313,0,0,0,1,0
891,0.161764706,0.913117641,0.618582762,0,0,0,1,0
892,0.117647059,0.894299549,0.490594718,0,0,0,1,1
893,0.470588235,0.694618686,0.57337183,0,0,1,1,1
894,0.205882353,0.949433256,0.494012206,0,0,1,1,1
895,0.470588235,0.521459227,0.471388675,0,0,1,1,0
896,0.25,0.870364257,0.464253815,1,0,1,0,1
897,0.117647059,0.926158248,0.457762228,1,0,0,0,0
898,0.161764706,0.893474194,0.591672353,1,0,1,0,0
899,0.205882353,0.785242654,0.478968994,0,0,0,1,1
900,0.176470588,0.869318807,0.628673996,0,0,0,1,0
901,0.235294118,0.821998459,0.537790867,0,0,0,0,1
902,0.470588235,0.437273027,0.649524576,0,0,0,1,0
903,0.161764706,0.937493122,0.390559596,0,0,0,0,1
904,0.294117647,0.943435677,0.486056432,0,0,0,1,0
905,0.117647059,0.952844723,0.470479091,0,1,1,1,1
906,0.25,0.806701882,0.467913528,0,1,1,1,0
907,0.470588235,0.809563112,0.486229708,0,0,1,0,1
908,0.161764706,0.81600088,0.43772383,1,0,0,0,1
909,0.073529412,0.837955321,0.425392508,1,0,1,0,1
910,0.470588235,0.768680533,0.556143027,1,0,1,0,1
911,0.294117647,0.75316386,0.466160901,1,0,1,0,1
912,0.382352941,0.849180147,0.663230962,1,0,1,0,0
913,0.102941176,0.895895235,0.557923053,0,0,1,0,0
914,0.294117647,0.839826125,0.397012795,0,0,1,1,1
915,0.647058824,0,0.422708618,1,0,1,0,1
916,0.088235294,0.857048531,0.454936526,0,0,1,1,1
917,0.029411765,0.194123473,0.529960044,0,0,0,1,0
918,0.294117647,0.883955101,0.358711209,0,0,1,0,1
919,0.294117647,0.829701772,0.511408264,0,0,0,1,0
920,0.205882353,0.913777925,0.440867028,1,0,1,0,1
921,0.647058824,0.312259271,0.387780111,0,0,0,1,0
922,0.073529412,0.938593595,0.451867846,1,1,1,0,1
923,0.117647059,0.903598547,0.54658833,0,0,1,1,0
924,0.294117647,0.635633322,0.328015684,0,0,0,0,1
925,0.117647059,0.975404424,0.389404927,0,0,0,1,1
926,0.205882353,0.956036096,0.448729014,1,1,1,0,1
927,0.647058824,0.447177286,0.622183462,0,0,0,1,0
928,0.382352941,0.911026741,0.612721801,0,0,0,1,0
929,0.117647059,0.939804116,0.406037428,0,0,0,1,1
930,0.294117647,0.917629581,0.295208787,0,1,1,1,1
931,0.073529412,0.921866403,0.324724803,1,1,1,0,1
932,0.073529412,0.946406955,0.406809867,0,0,1,1,1
933,0.117647059,0.985033564,0.623754535,0,0,0,1,0
934,0.117647059,0.931330472,0.334693494,1,1,1,0,1
935,0.382352941,0.908165511,0.49591041,0,0,1,1,1
936,0.073529412,0.972763288,0.388457557,1,0,1,0,1
937,0.029411765,0.900242104,0.382261185,0,0,1,0,1
938,0.823529412,0.66776714,0.556520289,0,0,0,1,1
939,0.294117647,0.637284032,0.584136747,0,0,0,1,1
940,0.117647059,0.819687466,0.445705648,0,0,0,1,1
941,0.088235294,0.928689336,0.38299373,0,0,1,1,1
942,0.294117647,0.962638935,0.466373318,0,0,1,1,0
943,0,0.933696489,0.491540432,0,0,0,1,0
944,0.161764706,0.912237262,0.292837575,1,0,0,0,1
945,0.647058824,0.553868163,0.455986416,1,0,1,0,1
946,0.294117647,0.829481677,0.441599874,0,0,1,1,1
947,0.117647059,0.856443271,0.390528433,0,0,0,1,1
948,0.205882353,0.929404644,0.280983627,0,0,0,0,1
949,0.294117647,0.814515242,0.686877437,0,0,1,1,0
950,0.205882353,0.816220975,0.407213022,0,0,0,0,1
951,0.470588235,0.895730164,0.548772415,0,1,1,1,0
952,0.294117647,0.787443601,0.464786589,1,0,1,0,1
953,0.470588235,0.409926268,0.32660735,1,0,1,0,1
954,0.117647059,0.909596126,0.470184779,1,0,1,0,1
955,0.294117647,0.946021789,0.672584081,1,0,0,0,0
956,0.382352941,0.812589413,0.617663694,0,0,0,1,0
957,0.073529412,0.950258611,0.694348159,0,0,0,1,0
958,0.352941176,0.793331132,0.407058414,0,0,0,1,1
959,0.294117647,0.844888302,0.584001107,0,0,1,1,0
960,0.029411765,0.918014746,0.563862297,0,0,1,0,0
961,0.25,0.884285243,0.629634464,0,0,0,0,1
962,0.161764706,0.818091779,0.399353145,0,0,1,1,1
963,0.294117647,0.881864202,0.575376468,0,0,0,1,0
964,0.029411765,0.988775173,0.290205322,0,1,1,0,1
965,0.382352941,0.919390338,0.38171968,1,0,1,0,1
966,0.338235294,0.875096291,0.435038435,0,1,1,1,1
967,0.161764706,0.817431496,0.484501619,1,0,0,0,0
968,0.558823529,0.619456366,0.606811764,0,0,1,0,0
969,0.102941176,0.797017718,0.469759794,0,0,0,1,1
970,0.161764706,0.930450094,0.389249265,0,1,1,1,1
971,0.294117647,0.606965995,0.516480678,0,0,0,1,1
972,0.294117647,0.948112688,0.510182388,1,0,1,0,1
973,0.823529412,0.612248267,0.639214452,0,0,0,1,0
974,0.382352941,0.857983933,0.41680686,1,0,1,0,1
975,0.294117647,0.944536151,0.470757296,1,0,0,0,1
976,0.029411765,0.972323099,0.48094292,1,0,0,0,1
977,0.205882353,0.880213492,0.527645739,0,0,0,1,0
978,0.294117647,0.874105866,0.612692747,0,0,0,1,0
979,0.161764706,0.944206009,0.453824009,0,0,1,0,1
980,0.382352941,0.552327501,0.468467679,0,0,0,1,0
981,0.647058824,0.747221305,0.406687776,0,0,1,1,1
982,0.25,0.852921756,0.461008699,1,0,1,0,1
983,0.470588235,0.560966215,0.439979123,0,0,1,1,1
984,0.294117647,0.902167932,0.540394216,0,0,1,1,0
985,0.161764706,0.93490701,0.483101715,1,0,1,0,1
986,0.558823529,0.667712116,0.429743066,0,0,1,0,1
987,0.132352941,0.936227578,0.446867693,1,0,0,0,1
988,0.294117647,0.651755255,0.292255424,0,0,1,1,1
989,0.294117647,0.917849675,0.527807874,0,0,0,1,0
990,0.117647059,0.817596567,0.352293388,0,0,0,1,1
991,0.161764706,0.927423792,0.55147693,0,0,1,1,0
992,0.205882353,0.907230109,0.617943404,0,1,1,0,0
993,0.470588235,0.795917244,0.398419624,0,0,1,1,1
994,0.117647059,0.882249367,0.511608637,0,0,0,1,0
995,0.117647059,0.918234841,0.526055547,1,0,1,0,0
996,0.382352941,0.801529658,0.522582809,0,0,0,0,1
997,0.117647059,0.969516892,0.574356084,0,0,0,1,0
998,0.602941176,0.912237262,0.56096343,0,1,1,1,1
999,0.602941176,0.761967646,0.470990789,0,0,1,1,1
